Metric,gaushANVI,Unintegrated,gaushVI
ARI,0.08242,0.52865,0.343859
cLISI,0.96523,0.96361,0.96342
Isolated_labels_ASW,0.39670,0.22415,0.34461
Isolated_labels_F1,0.02583,0.08205,0.03473
NMI,0.13125,0.27148,0.26888
Silhouette,0.45362,0.39462,0.45784
Graph_connectivity,0.02966,0.04682,0.04114
iLISI,0.18725,0.00036,0.00085
PCR_comparison,0.17790,,
Batch_ASW,0.72107,0.66695,0.71816
kBET,0.00300,0.00034,0.00311
