Metric,gaushANVI,Unintegrated,gaushVI
ARI,0.14519,0.52865,0.19266
cLISI,0.96591,0.96361,0.96534
Isolated_labels_ASW,0.38011,0.27841,0.37340
Isolated_labels_F1,0.01880,0.03828,0.03266
NMI,0.19908,0.27148,0.22859
Silhouette,0.45611,0.39462,0.45564
Graph_connectivity,0.04413,0.04682,0.04662
iLISI,0.04071,0.00158,0.03425
PCR_comparison,0.26810,,
Batch_ASW,0.92480,0.85865,0.91278
kBET,0.00271,0.00082,0.00303
